"","school","address","Medu","Fedu","Mjob","reason","studytime","failures","higher","Dalc","G1","G2","G3"
"1","GP","U",4,4,"at_home","course",2,0,"yes",1,0,11,11
"2","GP","U",1,1,"at_home","course",2,0,"yes",1,9,11,11
"3","GP","U",1,1,"at_home","other",2,0,"yes",2,12,13,12
"4","GP","U",4,2,"health","home",3,0,"yes",1,14,14,14
"5","GP","U",3,3,"other","home",2,0,"yes",1,11,13,13
"6","GP","U",4,3,"services","reputation",2,0,"yes",1,12,12,13
"7","GP","U",2,2,"other","home",2,0,"yes",1,13,12,13
"8","GP","U",4,4,"other","home",2,0,"yes",1,10,13,13
"9","GP","U",3,2,"services","home",2,0,"yes",1,15,16,17
"10","GP","U",3,4,"other","home",2,0,"yes",1,12,12,13
"11","GP","U",4,4,"teacher","reputation",2,0,"yes",1,14,14,14
"12","GP","U",2,1,"services","reputation",3,0,"yes",1,10,12,13
"13","GP","U",4,4,"health","course",1,0,"yes",1,12,13,12
"14","GP","U",4,3,"teacher","course",2,0,"yes",1,12,12,13
"15","GP","U",2,2,"other","home",3,0,"yes",1,14,14,15
"16","GP","U",4,4,"health","home",1,0,"yes",1,17,17,17
"17","GP","U",4,4,"services","reputation",3,0,"yes",1,13,13,14
"18","GP","U",3,3,"other","reputation",2,0,"yes",1,13,14,14
"19","GP","U",3,2,"services","course",1,3,"yes",2,8,8,7
"20","GP","U",4,3,"health","home",1,0,"yes",1,12,12,12
"21","GP","U",4,3,"teacher","reputation",2,0,"yes",1,12,13,14
"22","GP","U",4,4,"health","other",1,0,"yes",1,11,12,12
"23","GP","U",4,2,"teacher","course",2,0,"yes",1,12,13,14
"24","GP","U",2,2,"other","reputation",2,0,"yes",2,10,10,10
"25","GP","R",2,4,"services","course",3,0,"yes",1,10,11,10
"26","GP","U",2,2,"services","home",1,0,"yes",1,10,11,12
"27","GP","U",2,2,"other","home",1,0,"yes",1,11,12,12
"28","GP","U",4,2,"health","other",1,0,"yes",2,11,11,11
"29","GP","U",3,4,"services","home",2,0,"yes",1,12,12,13
"30","GP","U",4,4,"teacher","home",2,0,"yes",5,12,11,12
"31","GP","U",4,4,"health","home",2,0,"yes",3,10,11,11
"32","GP","U",4,4,"services","reputation",2,0,"yes",1,15,15,15
"33","GP","R",4,3,"teacher","course",2,0,"yes",1,13,14,15
"34","GP","U",3,3,"other","course",2,0,"yes",1,13,12,12
"35","GP","U",3,2,"other","home",1,0,"yes",1,12,12,12
"36","GP","U",2,3,"other","other",1,0,"yes",1,11,11,11
"37","GP","U",4,3,"teacher","home",3,0,"yes",1,14,14,14
"38","GP","R",4,4,"other","reputation",3,0,"yes",1,13,13,13
"39","GP","R",3,4,"services","course",3,0,"yes",1,11,12,12
"40","GP","R",2,2,"at_home","reputation",1,0,"yes",1,14,13,12
"41","GP","U",2,2,"other","home",2,0,"yes",1,11,11,10
"42","GP","U",4,4,"teacher","home",1,0,"yes",2,10,11,11
"43","GP","U",4,4,"services","course",2,0,"yes",1,14,15,15
"44","GP","U",2,2,"services","course",1,0,"yes",1,9,10,10
"45","GP","U",2,2,"other","course",2,1,"yes",2,10,11,11
"46","GP","U",4,3,"other","course",2,0,"yes",1,10,11,11
"47","GP","U",3,3,"other","home",2,0,"yes",1,13,12,13
"48","GP","U",4,3,"health","reputation",4,0,"yes",1,17,17,17
"49","GP","U",4,2,"teacher","home",2,0,"yes",2,11,12,13
"50","GP","U",4,4,"services","other",2,0,"yes",1,13,12,12
"51","GP","U",2,2,"services","course",2,0,"yes",2,14,13,13
"52","GP","U",4,2,"health","other",2,0,"yes",1,16,14,16
"53","GP","U",4,2,"health","other",1,0,"yes",3,10,9,9
"54","GP","U",4,4,"services","course",1,0,"yes",2,13,12,12
"55","GP","U",3,3,"other","other",1,0,"yes",4,13,12,13
"56","GP","U",2,1,"other","other",2,0,"yes",1,12,13,12
"57","GP","U",4,3,"services","reputation",2,0,"yes",1,15,14,15
"58","GP","U",4,4,"teacher","reputation",2,0,"yes",1,15,15,16
"59","GP","U",1,2,"other","home",2,0,"yes",1,14,13,14
"60","GP","U",4,2,"services","course",2,0,"yes",1,16,15,16
"61","GP","R",4,4,"health","other",2,0,"yes",2,17,16,16
"62","GP","U",1,1,"services","course",1,0,"yes",5,10,10,16
"63","GP","U",1,2,"other","reputation",2,0,"yes",1,13,13,10
"64","GP","U",4,3,"teacher","home",3,0,"yes",2,14,13,13
"65","GP","U",4,3,"services","reputation",2,0,"yes",2,13,12,12
"66","GP","U",4,3,"teacher","course",2,0,"yes",1,16,15,16
"67","GP","U",4,4,"other","reputation",4,0,"yes",5,11,12,12
"68","GP","U",3,1,"services","course",4,0,"yes",1,10,9,10
"69","GP","R",2,2,"health","reputation",2,0,"yes",1,11,10,11
"70","GP","R",3,1,"other","reputation",4,0,"yes",2,15,15,15
"71","GP","U",3,1,"other","reputation",4,0,"yes",1,13,11,11
"72","GP","U",4,2,"other","course",4,0,"yes",1,11,9,10
"73","GP","R",1,1,"other","reputation",2,0,"yes",2,13,11,11
"74","GP","U",3,1,"other","reputation",1,0,"yes",2,13,13,14
"75","GP","U",3,3,"other","home",2,0,"yes",2,11,11,11
"76","GP","U",4,3,"teacher","home",2,0,"yes",2,11,11,11
"77","GP","U",4,0,"teacher","course",4,0,"yes",1,12,11,11
"78","GP","U",2,2,"other","reputation",4,0,"yes",1,13,13,13
"79","GP","U",2,1,"other","home",1,3,"no",1,9,9,10
"80","GP","U",3,4,"at_home","course",2,0,"yes",1,12,11,11
"81","GP","U",2,3,"other","course",1,0,"yes",1,11,11,12
"82","GP","U",2,3,"other","home",3,0,"yes",1,10,9,9
"83","GP","U",3,2,"services","reputation",2,0,"yes",1,12,11,11
"84","GP","U",2,2,"services","home",2,0,"yes",1,13,12,13
"85","GP","U",1,1,"other","home",2,0,"yes",2,13,12,12
"86","GP","U",4,4,"services","reputation",2,0,"yes",2,12,11,12
"87","GP","U",2,2,"at_home","course",2,0,"yes",1,13,11,11
"88","GP","U",4,2,"other","reputation",3,0,"yes",1,15,15,15
"89","GP","U",2,2,"services","reputation",2,0,"yes",1,12,10,11
"90","GP","U",4,4,"teacher","reputation",2,0,"yes",3,9,9,10
"91","GP","U",3,3,"other","home",3,0,"yes",1,9,11,11
"92","GP","U",4,3,"services","reputation",1,0,"yes",1,14,13,13
"93","GP","U",3,1,"other","home",2,0,"yes",2,12,13,12
"94","GP","U",4,2,"teacher","home",2,0,"yes",1,13,14,14
"95","GP","U",2,2,"services","reputation",4,0,"yes",1,11,12,12
"96","GP","R",1,1,"at_home","home",4,0,"yes",1,13,13,13
"97","GP","R",4,3,"services","reputation",1,0,"yes",1,9,11,11
"98","GP","U",2,1,"other","course",2,0,"yes",1,13,12,12
"99","GP","U",4,4,"other","reputation",1,0,"yes",1,12,13,13
"100","GP","U",4,3,"other","course",3,0,"yes",1,12,13,13
"101","GP","U",4,4,"services","other",1,0,"yes",5,9,9,8
"102","GP","U",4,4,"services","other",3,0,"yes",1,16,16,16
"103","GP","U",4,4,"services","course",1,0,"yes",1,12,13,12
"104","GP","U",3,2,"services","home",2,0,"yes",1,11,10,10
"105","GP","U",3,4,"services","course",2,0,"yes",1,16,16,16
"106","GP","U",3,3,"other","reputation",4,0,"yes",1,10,10,10
"107","GP","U",2,2,"other","course",4,0,"yes",1,10,10,10
"108","GP","U",3,3,"services","home",3,0,"yes",1,13,14,14
"109","GP","R",4,4,"other","home",4,0,"yes",3,12,10,11
"110","GP","U",4,4,"health","other",3,0,"yes",1,15,15,14
"111","GP","U",4,4,"teacher","course",1,0,"yes",1,13,14,14
"112","GP","R",3,3,"services","reputation",3,0,"yes",1,11,11,11
"113","GP","U",2,2,"at_home","home",2,1,"yes",1,8,10,10
"114","GP","U",4,2,"teacher","course",1,0,"yes",1,18,17,18
"115","GP","R",2,1,"health","reputation",2,0,"yes",1,10,9,10
"116","GP","U",4,4,"teacher","course",2,0,"yes",1,16,14,14
"117","GP","U",4,4,"other","reputation",2,0,"yes",1,16,15,16
"118","GP","U",3,3,"other","home",1,0,"yes",1,14,14,15
"119","GP","R",1,3,"other","course",2,1,"yes",1,12,11,11
"120","GP","U",3,4,"other","reputation",1,0,"yes",1,14,13,14
"121","GP","U",1,2,"at_home","course",2,0,"yes",1,14,14,14
"122","GP","U",2,2,"services","home",4,0,"yes",1,14,13,13
"123","GP","U",2,4,"other","course",2,0,"yes",1,14,12,13
"124","GP","U",4,4,"health","course",1,0,"yes",1,12,13,13
"125","GP","U",2,2,"other","home",2,0,"yes",1,12,11,11
"126","GP","U",3,4,"services","home",1,0,"yes",3,9,9,9
"127","GP","U",3,4,"other","home",2,0,"yes",1,10,11,11
"128","GP","U",0,1,"at_home","course",2,2,"no",1,9,10,11
"129","GP","R",4,4,"teacher","course",1,0,"yes",2,14,14,15
"130","GP","U",2,3,"other","course",3,0,"yes",2,13,12,13
"131","GP","R",3,4,"services","course",3,0,"yes",2,10,11,12
"132","GP","U",2,1,"services","reputation",2,3,"no",1,10,9,8
"133","GP","U",2,1,"other","course",1,0,"yes",1,11,10,11
"134","GP","U",1,1,"at_home","course",1,0,"yes",1,11,12,13
"135","GP","U",2,2,"other","course",1,0,"yes",1,13,12,12
"136","GP","U",3,4,"services","course",1,0,"yes",1,15,13,14
"137","GP","U",2,1,"at_home","course",1,0,"yes",1,9,9,11
"138","GP","U",2,2,"other","home",1,1,"yes",1,13,11,11
"139","GP","R",3,4,"at_home","course",2,0,"yes",1,12,11,11
"140","GP","U",4,4,"services","course",3,0,"yes",1,13,14,15
"141","GP","R",3,4,"at_home","course",2,0,"yes",2,10,9,10
"142","GP","R",1,1,"at_home","course",2,0,"yes",1,14,13,13
"143","GP","U",3,1,"services","course",1,0,"yes",4,11,11,12
"144","GP","U",3,2,"other","course",3,0,"yes",5,12,11,11
"145","GP","R",1,1,"other","reputation",1,0,"yes",1,12,11,11
"146","GP","U",3,3,"other","course",1,0,"yes",1,9,9,10
"147","GP","U",1,1,"services","course",2,2,"yes",1,10,10,10
"148","GP","U",4,4,"teacher","course",1,0,"yes",1,13,14,14
"149","GP","R",1,1,"other","course",1,1,"yes",1,8,9,9
"150","GP","U",4,3,"teacher","course",4,0,"yes",1,9,11,11
"151","GP","U",3,3,"services","home",2,0,"yes",2,9,8,9
"152","GP","U",4,4,"services","course",3,0,"yes",1,15,13,13
"153","GP","U",2,2,"services","reputation",1,0,"yes",2,12,11,11
"154","GP","U",4,4,"teacher","course",3,0,"yes",1,13,13,13
"155","GP","U",1,1,"at_home","course",1,0,"yes",3,10,11,11
"156","GP","U",2,1,"other","home",1,0,"yes",1,9,7,6
"157","GP","U",1,1,"other","course",2,0,"yes",1,12,12,12
"158","GP","U",2,1,"at_home","home",1,0,"no",1,11,10,10
"159","GP","U",3,2,"health","home",2,1,"yes",1,11,11,11
"160","GP","U",1,2,"at_home","course",2,0,"yes",1,13,12,13
"161","GP","U",1,2,"at_home","course",2,0,"yes",2,11,11,11
"162","GP","U",4,4,"teacher","course",1,0,"no",2,9,9,8
"163","GP","U",2,1,"services","course",1,0,"yes",2,12,11,11
"164","GP","U",1,1,"other","course",1,2,"no",2,11,9,0
"165","GP","U",2,1,"at_home","course",1,1,"yes",3,9,10,10
"166","GP","R",3,3,"services","reputation",3,0,"yes",2,13,13,13
"167","GP","U",3,2,"services","home",1,0,"no",1,11,9,11
"168","GP","U",4,4,"other","course",1,0,"yes",1,13,13,13
"169","GP","R",2,3,"at_home","course",2,0,"yes",1,7,8,8
"170","GP","R",1,2,"other","reputation",1,3,"yes",3,9,8,10
"171","GP","R",1,1,"at_home","course",1,3,"yes",1,11,10,11
"172","GP","R",2,2,"at_home","course",1,0,"yes",1,12,10,11
"173","GP","U",3,3,"other","course",2,1,"yes",4,10,10,1
"174","GP","U",1,2,"health","course",1,2,"yes",3,9,8,10
"175","GP","R",2,1,"at_home","course",1,1,"no",2,8,8,9
"176","GP","R",3,2,"other","course",2,2,"yes",1,7,6,8
"177","GP","U",1,2,"other","course",1,0,"yes",2,8,9,10
"178","GP","U",1,3,"at_home","course",1,1,"no",1,9,8,8
"179","GP","R",1,1,"other","course",2,0,"no",1,8,8,8
"180","GP","U",3,2,"services","course",1,3,"no",1,8,7,8
"181","GP","U",2,2,"other","course",2,0,"no",2,9,10,11
"182","GP","U",4,2,"health","home",2,0,"yes",1,17,17,18
"183","GP","U",2,2,"other","home",2,0,"yes",1,12,12,13
"184","GP","U",4,4,"health","reputation",2,0,"yes",1,16,16,17
"185","GP","U",3,4,"other","course",1,1,"yes",2,9,9,10
"186","GP","U",1,0,"other","reputation",2,0,"yes",1,16,17,18
"187","GP","U",4,4,"teacher","reputation",2,0,"yes",1,11,9,10
"188","GP","U",1,3,"at_home","home",2,0,"yes",1,14,13,13
"189","GP","U",3,3,"other","reputation",2,0,"yes",1,14,14,15
"190","GP","U",4,3,"teacher","course",2,0,"yes",4,10,11,11
"191","GP","U",2,2,"services","reputation",2,0,"yes",1,13,12,14
"192","GP","U",3,3,"other","reputation",2,0,"yes",1,11,9,10
"193","GP","R",4,2,"teacher","other",1,0,"yes",3,10,9,11
"194","GP","U",4,3,"other","course",2,0,"yes",1,11,11,13
"195","GP","U",4,3,"teacher","home",2,0,"yes",2,11,10,11
"196","GP","U",3,3,"services","home",2,0,"yes",1,11,12,13
"197","GP","U",2,4,"services","reputation",2,0,"yes",2,17,18,17
"198","GP","U",3,3,"other","reputation",2,0,"yes",2,14,13,14
"199","GP","U",3,2,"other","reputation",2,0,"yes",1,14,15,16
"200","GP","U",3,3,"services","other",2,0,"yes",2,11,13,14
"201","GP","U",1,2,"services","other",1,0,"yes",1,10,9,11
"202","GP","U",2,1,"other","course",2,0,"yes",1,13,14,16
"203","GP","U",3,3,"health","reputation",2,0,"yes",1,12,13,14
"204","GP","R",1,2,"at_home","home",2,0,"yes",1,9,9,10
"205","GP","U",2,3,"services","course",2,0,"yes",1,12,12,13
"206","GP","U",1,1,"at_home","course",2,0,"yes",1,12,11,12
"207","GP","U",1,2,"at_home","other",2,0,"yes",4,10,11,12
"208","GP","R",3,3,"services","reputation",1,0,"yes",3,11,10,10
"209","GP","U",2,3,"other","home",1,0,"yes",1,13,12,12
"210","GP","U",2,4,"services","course",2,0,"yes",1,14,15,16
"211","GP","U",4,4,"services","home",1,0,"yes",1,13,13,14
"212","GP","R",3,3,"teacher","home",1,0,"yes",3,10,11,12
"213","GP","U",4,4,"services","home",1,1,"yes",2,14,15,16
"214","GP","U",4,4,"teacher","reputation",2,0,"yes",1,11,10,11
"215","GP","U",4,3,"health","home",2,0,"yes",1,14,14,15
"216","GP","U",2,3,"other","reputation",2,0,"yes",1,11,12,12
"217","GP","U",1,1,"other","course",2,0,"yes",1,14,15,15
"218","GP","R",2,2,"other","reputation",1,0,"yes",1,13,13,13
"219","GP","R",2,2,"services","reputation",4,0,"yes",1,13,13,13
"220","GP","U",3,4,"at_home","home",3,1,"yes",3,8,9,8
"221","GP","U",3,1,"services","course",2,0,"yes",2,11,11,12
"222","GP","U",4,3,"teacher","other",2,0,"yes",1,14,15,15
"223","GP","U",1,1,"at_home","home",1,0,"yes",1,12,13,13
"224","GP","R",4,3,"teacher","reputation",3,0,"yes",1,11,12,12
"225","GP","U",3,3,"other","reputation",4,0,"yes",1,12,12,12
"226","GP","U",4,4,"services","home",2,0,"yes",4,13,12,12
"227","GP","U",2,2,"other","reputation",2,0,"yes",1,13,13,13
"228","GP","U",2,2,"services","home",2,0,"yes",2,12,11,11
"229","GP","R",4,4,"services","other",1,0,"yes",1,12,11,11
"230","GP","U",3,2,"other","reputation",2,0,"yes",1,14,16,15
"231","GP","U",4,3,"other","reputation",2,0,"yes",2,11,9,10
"232","GP","U",3,3,"services","home",2,0,"yes",2,10,10,10
"233","GP","U",2,3,"at_home","home",1,0,"yes",1,12,13,13
"234","GP","U",2,2,"at_home","course",3,0,"yes",1,12,12,13
"235","GP","R",2,1,"at_home","reputation",2,0,"yes",1,11,10,11
"236","GP","U",1,1,"at_home","reputation",3,0,"yes",1,12,12,12
"237","GP","U",2,3,"services","other",2,0,"yes",1,13,13,14
"238","GP","U",2,2,"other","home",2,3,"yes",5,10,9,10
"239","GP","U",4,4,"teacher","home",3,0,"yes",1,15,16,16
"240","GP","R",3,1,"other","reputation",2,0,"yes",1,8,8,8
"241","GP","U",3,2,"other","course",2,0,"yes",1,17,18,17
"242","GP","U",2,3,"services","reputation",2,0,"yes",1,10,11,11
"243","GP","U",2,1,"at_home","course",2,0,"yes",4,9,10,11
"244","GP","U",2,1,"other","course",3,0,"yes",1,15,15,16
"245","GP","U",4,3,"health","reputation",2,0,"yes",1,14,12,12
"246","GP","R",2,2,"other","course",2,0,"yes",1,12,13,13
"247","GP","U",4,4,"teacher","reputation",2,0,"yes",1,13,13,13
"248","GP","U",4,4,"health","reputation",2,0,"yes",2,13,13,14
"249","GP","U",1,1,"other","home",2,0,"yes",1,9,9,9
"250","GP","U",3,2,"at_home","reputation",3,0,"yes",1,12,12,12
"251","GP","U",2,2,"other","home",2,0,"yes",5,16,16,16
"252","GP","U",2,1,"other","home",1,0,"yes",1,9,10,10
"253","GP","U",4,1,"other","home",2,0,"yes",1,14,13,13
"254","GP","U",2,4,"services","course",2,1,"yes",1,10,10,10
"255","GP","U",2,2,"at_home","course",2,1,"yes",1,9,8,10
"256","GP","U",3,3,"other","course",1,1,"no",1,8,7,7
"257","GP","U",2,2,"other","course",1,1,"no",2,7,8,8
"258","GP","U",4,4,"teacher","course",1,0,"yes",1,10,8,9
"259","GP","U",3,2,"other","course",2,0,"yes",1,14,14,15
"260","GP","U",1,1,"at_home","course",3,0,"yes",1,11,10,10
"261","GP","U",1,2,"other","course",1,0,"no",1,12,11,11
"262","GP","R",2,1,"at_home","course",2,0,"yes",1,13,13,13
"263","GP","R",1,4,"other","course",1,1,"yes",1,9,9,8
"264","GP","U",2,2,"other","reputation",2,0,"no",3,8,7,8
"265","GP","U",2,2,"other","home",1,1,"no",1,11,9,10
"266","GP","R",1,1,"at_home","course",3,0,"yes",1,15,14,15
"267","GP","U",4,2,"teacher","course",2,0,"yes",1,15,14,14
"268","GP","U",4,3,"health","course",2,0,"yes",1,15,15,15
"269","GP","R",4,4,"teacher","course",2,0,"yes",2,12,12,12
"270","GP","U",4,3,"teacher","course",1,0,"yes",1,14,14,15
"271","GP","U",4,4,"services","course",1,0,"yes",1,14,15,15
"272","GP","U",4,4,"teacher","course",2,0,"yes",1,11,11,12
"273","GP","R",1,1,"other","home",3,0,"yes",1,13,14,15
"274","GP","U",3,3,"services","home",3,0,"yes",2,11,11,11
"275","GP","U",1,1,"at_home","course",2,0,"yes",1,10,9,10
"276","GP","U",2,1,"other","course",3,0,"yes",1,12,10,11
"277","GP","U",2,1,"other","course",1,0,"yes",1,15,16,16
"278","GP","U",1,1,"other","course",2,0,"yes",1,11,10,11
"279","GP","U",2,3,"other","course",1,0,"yes",1,9,12,13
"280","GP","U",3,1,"services","other",1,3,"no",5,7,8,5
"281","GP","R",3,3,"other","course",2,0,"yes",1,10,9,10
"282","GP","U",0,2,"other","other",1,0,"yes",2,11,12,11
"283","GP","U",3,2,"services","course",1,0,"no",2,7,8,7
"284","GP","U",3,3,"at_home","reputation",2,1,"yes",1,9,11,10
"285","GP","U",2,1,"services","other",1,2,"no",2,7,8,6
"286","GP","R",2,1,"other","course",1,0,"yes",1,14,13,12
"287","GP","R",2,1,"other","course",1,0,"yes",2,12,12,13
"288","GP","U",1,1,"health","course",1,1,"yes",1,9,10,10
"289","GP","U",2,1,"other","course",2,0,"yes",1,12,12,13
"290","GP","U",4,2,"teacher","reputation",4,0,"yes",1,14,15,17
"291","GP","U",2,2,"services","home",2,0,"yes",1,10,10,11
"292","GP","U",2,1,"services","course",2,1,"no",4,11,10,11
"293","GP","R",4,2,"other","course",3,0,"yes",1,11,12,14
"294","GP","U",1,1,"other","home",3,0,"yes",2,11,12,14
"295","GP","R",2,2,"other","home",2,0,"yes",1,11,11,13
"296","GP","U",4,3,"services","reputation",2,0,"yes",1,11,13,14
"297","GP","U",2,1,"other","home",2,0,"yes",1,16,16,16
"298","GP","R",2,2,"other","other",1,0,"no",1,9,10,10
"299","GP","U",2,2,"services","course",4,0,"yes",1,10,11,12
"300","GP","R",2,1,"other","course",2,0,"no",1,10,12,12
"301","GP","U",4,3,"services","home",2,0,"yes",1,15,15,15
"302","GP","U",4,3,"teacher","course",2,0,"yes",1,10,10,11
"303","GP","R",3,2,"other","course",3,0,"yes",1,10,11,12
"304","GP","U",3,3,"other","home",3,0,"yes",1,15,12,13
"305","GP","U",2,2,"at_home","home",3,0,"yes",1,11,12,13
"306","GP","U",2,2,"other","home",1,0,"no",2,8,8,9
"307","GP","R",3,4,"other","reputation",2,0,"yes",3,15,16,16
"308","GP","U",3,1,"services","other",2,0,"yes",3,11,11,14
"309","GP","R",4,4,"teacher","reputation",2,0,"yes",2,10,11,12
"310","GP","U",4,2,"health","reputation",2,0,"yes",1,10,12,14
"311","GP","R",2,1,"other","reputation",2,0,"no",1,8,9,10
"312","GP","U",3,3,"other","home",2,0,"yes",3,11,12,12
"313","GP","U",2,3,"other","reputation",4,0,"yes",1,16,16,16
"314","GP","U",1,1,"other","home",2,0,"yes",1,13,13,13
"315","GP","R",1,2,"at_home","home",2,0,"yes",2,16,17,18
"316","GP","U",2,1,"other","home",2,0,"yes",1,14,14,15
"317","GP","U",2,4,"at_home","reputation",2,0,"yes",1,15,16,16
"318","GP","U",2,2,"services","course",2,0,"yes",2,12,12,12
"319","GP","R",3,2,"other","home",2,0,"no",1,12,9,10
"320","GP","U",4,4,"teacher","home",1,0,"yes",1,11,12,12
"321","GP","U",4,4,"health","reputation",2,1,"yes",1,14,12,13
"322","GP","U",2,2,"other","reputation",3,0,"yes",1,13,15,15
"323","GP","R",3,2,"services","reputation",2,1,"no",4,9,8,10
"324","GP","U",4,3,"teacher","course",1,0,"yes",1,10,10,10
"325","GP","U",1,2,"at_home","home",1,0,"no",2,10,10,11
"326","GP","U",4,1,"services","home",1,0,"yes",2,11,11,10
"327","GP","U",3,2,"teacher","home",1,0,"yes",3,13,13,13
"328","GP","R",1,1,"at_home","reputation",4,0,"yes",1,17,17,18
"329","GP","U",1,1,"other","home",2,0,"yes",1,12,13,13
"330","GP","U",2,2,"other","course",2,0,"yes",1,12,12,14
"331","GP","U",2,1,"other","reputation",2,0,"yes",1,12,13,14
"332","GP","U",1,1,"other","reputation",2,0,"yes",1,12,12,12
"333","GP","U",2,2,"at_home","other",3,0,"yes",1,18,18,18
"334","GP","U",1,1,"services","reputation",3,0,"yes",1,13,13,14
"335","GP","U",2,1,"services","reputation",3,0,"yes",1,14,15,15
"336","GP","U",4,4,"teacher","reputation",2,0,"yes",1,17,17,17
"337","GP","U",4,2,"teacher","home",2,0,"yes",1,15,16,16
"338","GP","U",4,3,"health","reputation",3,0,"yes",1,17,18,18
"339","GP","R",3,1,"services","reputation",4,0,"yes",1,18,19,19
"340","GP","R",3,2,"services","reputation",3,0,"yes",1,14,15,15
"341","GP","U",3,3,"health","home",1,0,"yes",1,14,15,15
"342","GP","U",4,4,"health","reputation",2,0,"yes",2,14,13,13
"343","GP","U",4,3,"other","home",2,0,"yes",1,13,14,14
"344","GP","U",4,3,"other","reputation",4,0,"yes",1,16,17,17
"345","GP","U",4,4,"teacher","home",1,0,"yes",2,18,18,17
"346","GP","U",4,4,"health","home",2,0,"yes",1,14,15,15
"347","GP","U",4,4,"other","home",1,0,"yes",2,12,13,13
"348","GP","R",4,4,"services","reputation",3,0,"yes",1,7,7,8
"349","GP","U",4,2,"other","reputation",3,0,"yes",1,16,16,16
"350","GP","U",3,2,"health","reputation",4,0,"yes",1,18,18,18
"351","GP","R",2,1,"at_home","course",3,1,"yes",1,9,10,11
"352","GP","U",3,2,"services","course",1,2,"yes",1,14,15,15
"353","GP","R",3,3,"other","reputation",2,0,"yes",1,10,10,11
"354","GP","U",1,4,"other","home",2,0,"yes",1,10,10,11
"355","GP","U",2,1,"services","course",2,0,"yes",1,12,12,15
"356","GP","U",2,3,"other","course",2,0,"yes",1,11,12,14
"357","GP","R",4,4,"teacher","course",1,0,"yes",1,15,16,17
"358","GP","U",4,3,"other","course",3,0,"yes",1,14,15,17
"359","GP","U",4,3,"health","course",1,0,"yes",1,12,12,15
"360","GP","R",3,4,"at_home","course",3,0,"yes",2,15,15,17
"361","GP","U",3,3,"at_home","course",2,0,"yes",1,11,12,14
"362","GP","U",4,2,"health","course",2,0,"yes",1,11,10,10
"363","GP","U",4,4,"teacher","course",2,0,"yes",3,12,11,13
"364","GP","U",3,4,"other","course",1,0,"yes",1,11,12,14
"365","GP","U",4,4,"health","course",1,0,"yes",1,14,15,17
"366","GP","U",4,3,"services","course",2,0,"yes",1,15,14,17
"367","GP","U",3,3,"services","home",2,0,"yes",1,12,12,13
"368","GP","U",2,1,"other","home",2,0,"yes",2,11,12,14
"369","GP","U",4,4,"other","reputation",1,0,"yes",3,8,9,11
"370","GP","U",1,1,"other","course",3,0,"no",4,10,10,11
"371","GP","U",1,1,"other","course",2,2,"yes",1,8,8,9
"372","GP","U",2,2,"other","course",1,0,"yes",2,10,10,10
"373","GP","U",2,2,"other","course",2,0,"yes",1,14,13,13
"374","GP","R",2,2,"services","course",3,0,"yes",2,11,11,10
"375","GP","U",3,1,"services","course",3,0,"yes",2,17,18,17
"376","GP","U",0,2,"at_home","home",3,0,"yes",2,14,14,15
"377","GP","U",1,1,"other","home",3,0,"yes",1,14,14,14
"378","GP","U",4,4,"other","course",3,0,"yes",2,13,14,13
"379","GP","U",3,3,"other","reputation",1,0,"yes",3,17,18,17
"380","GP","R",2,2,"services","course",1,0,"yes",5,11,10,10
"381","GP","U",4,4,"teacher","course",3,0,"yes",1,13,12,13
"382","GP","U",4,4,"teacher","course",3,0,"yes",1,15,14,15
"383","GP","U",3,3,"at_home","course",1,0,"yes",2,11,12,11
"384","GP","U",2,2,"other","course",4,0,"yes",2,11,11,12
"385","GP","R",3,2,"at_home","home",1,0,"yes",2,11,10,10
"386","GP","U",2,2,"at_home","course",2,0,"yes",1,10,9,10
"387","GP","R",2,4,"at_home","course",3,0,"yes",1,15,15,15
"388","GP","U",2,2,"other","reputation",1,0,"yes",1,15,14,15
"389","GP","U",3,3,"services","home",2,0,"yes",1,10,11,12
"390","GP","U",2,2,"other","home",2,0,"yes",1,10,9,12
"391","GP","R",2,2,"at_home","course",4,0,"yes",1,14,13,14
"392","GP","U",3,4,"services","course",3,0,"yes",1,11,13,14
"393","GP","U",3,2,"other","home",2,0,"yes",2,12,13,15
"394","GP","U",3,3,"services","home",4,0,"yes",1,14,14,15
"395","GP","R",3,2,"other","home",2,0,"yes",2,14,14,16
"396","GP","U",4,4,"teacher","home",2,0,"yes",2,12,12,13
"397","GP","U",3,4,"services","home",2,0,"yes",1,16,16,17
"398","GP","U",2,2,"at_home","home",2,0,"yes",1,10,12,14
"399","GP","U",2,3,"at_home","course",3,0,"yes",1,11,12,14
"400","GP","U",3,2,"other","other",3,0,"yes",2,14,16,17
"401","GP","R",4,3,"teacher","course",3,0,"yes",1,15,14,17
"402","GP","U",4,3,"teacher","course",3,0,"yes",2,14,13,14
"403","GP","U",4,3,"health","reputation",3,0,"yes",1,11,12,13
"404","GP","U",2,1,"services","course",2,0,"yes",2,12,15,15
"405","GP","U",2,1,"services","reputation",2,0,"yes",2,12,16,16
"406","GP","U",2,3,"at_home","home",1,1,"no",3,10,11,11
"407","GP","U",3,1,"other","home",1,1,"yes",1,10,13,13
"408","GP","U",4,4,"other","reputation",3,2,"yes",1,9,12,12
"409","GP","U",2,2,"services","reputation",2,0,"no",1,9,11,12
"410","GP","U",3,4,"other","reputation",2,0,"yes",1,13,14,15
"411","GP","U",2,2,"services","reputation",2,0,"yes",1,13,17,17
"412","GP","U",4,4,"health","reputation",3,0,"yes",1,12,15,15
"413","GP","U",4,2,"teacher","course",2,0,"yes",1,14,17,17
"414","GP","R",1,1,"at_home","course",2,2,"no",5,9,10,10
"415","GP","R",1,1,"other","reputation",3,0,"yes",1,11,15,15
"416","GP","U",4,4,"teacher","home",1,1,"yes",4,9,10,11
"417","GP","U",3,2,"other","reputation",2,0,"yes",1,16,18,18
"418","GP","U",3,2,"at_home","reputation",3,0,"yes",1,14,17,17
"419","GP","R",2,3,"other","reputation",1,0,"yes",4,13,14,14
"420","GP","U",2,1,"other","reputation",1,0,"yes",1,7,11,11
"421","GP","U",2,2,"services","reputation",2,0,"yes",1,14,17,17
"422","GP","U",1,0,"other","reputation",1,1,"yes",1,8,10,10
"423","GP","U",3,2,"services","home",2,0,"yes",1,10,13,13
"424","MS","U",1,3,"at_home","other",1,0,"no",1,10,11,11
"425","MS","R",2,2,"other","course",2,0,"yes",1,12,12,12
"426","MS","R",1,1,"at_home","other",1,1,"yes",1,10,10,10
"427","MS","R",3,3,"at_home","course",1,0,"yes",2,10,10,11
"428","MS","R",2,3,"at_home","course",2,0,"yes",1,16,17,17
"429","MS","R",2,1,"at_home","home",1,0,"no",1,6,8,9
"430","MS","R",4,4,"at_home","home",2,0,"yes",1,10,11,11
"431","MS","U",1,2,"other","other",3,0,"yes",1,10,11,11
"432","MS","R",3,2,"at_home","course",2,1,"yes",1,10,10,10
"433","MS","R",1,1,"other","other",1,1,"no",2,6,6,7
"434","MS","R",4,4,"teacher","course",1,0,"yes",3,13,14,14
"435","MS","U",2,2,"at_home","reputation",4,0,"no",1,10,9,11
"436","MS","R",1,1,"at_home","reputation",2,0,"yes",1,10,10,10
"437","MS","R",1,1,"other","course",1,1,"yes",1,6,7,8
"438","MS","R",0,2,"other","other",1,0,"yes",1,12,11,12
"439","MS","R",2,3,"other","course",1,0,"yes",1,10,11,12
"440","MS","R",3,3,"other","course",1,0,"yes",1,14,16,16
"441","MS","U",1,1,"at_home","home",2,0,"yes",4,7,0,0
"442","MS","U",1,1,"other","home",2,0,"yes",2,8,9,9
"443","MS","R",4,1,"health","reputation",2,0,"yes",1,12,13,14
"444","MS","R",4,1,"health","reputation",2,0,"yes",1,7,9,8
"445","MS","R",3,4,"other","other",2,0,"yes",1,9,10,11
"446","MS","R",1,1,"other","course",2,0,"yes",2,7,9,9
"447","MS","U",3,3,"at_home","reputation",2,0,"yes",1,11,11,11
"448","MS","R",2,1,"other","other",1,0,"no",5,8,10,9
"449","MS","R",4,4,"teacher","course",3,0,"yes",1,16,16,17
"450","MS","R",1,2,"other","course",1,0,"yes",1,11,13,13
"451","MS","R",2,3,"other","course",2,0,"yes",1,15,15,15
"452","MS","R",1,2,"other","course",2,0,"yes",1,10,11,11
"453","MS","R",2,2,"other","course",2,0,"yes",1,9,10,11
"454","MS","U",1,2,"other","course",3,1,"yes",1,10,8,8
"455","MS","U",1,2,"other","course",3,1,"yes",1,9,8,8
"456","MS","U",2,1,"at_home","home",2,0,"yes",3,9,10,9
"457","MS","U",1,1,"at_home","course",2,0,"yes",2,13,14,15
"458","MS","R",1,2,"at_home","reputation",1,0,"yes",5,10,11,11
"459","MS","R",1,1,"other","home",4,0,"yes",1,13,10,13
"460","MS","R",1,1,"at_home","other",3,0,"yes",1,10,9,10
"461","MS","R",1,1,"at_home","home",2,0,"yes",1,11,10,11
"462","MS","R",1,1,"at_home","other",1,0,"yes",4,13,12,14
"463","MS","R",1,1,"at_home","course",2,0,"yes",1,13,14,14
"464","MS","R",2,2,"other","other",3,0,"yes",2,14,11,12
"465","MS","R",1,1,"at_home","other",1,0,"yes",3,11,11,11
"466","MS","U",1,2,"other","course",2,1,"yes",2,9,8,8
"467","MS","U",3,1,"other","home",1,0,"yes",1,10,9,11
"468","MS","R",2,2,"other","course",2,0,"yes",1,14,13,14
"469","MS","U",2,2,"health","reputation",1,0,"yes",1,13,12,13
"470","MS","U",4,4,"other","course",2,0,"yes",1,13,12,13
"471","MS","R",3,3,"services","reputation",2,0,"yes",1,13,12,12
"472","MS","R",2,2,"at_home","course",2,1,"yes",2,12,11,12
"473","MS","R",2,2,"other","home",1,0,"yes",1,14,14,16
"474","MS","U",2,1,"at_home","course",1,0,"yes",2,10,8,10
"475","MS","R",1,3,"at_home","reputation",1,0,"yes",3,10,11,11
"476","MS","U",2,2,"other","course",3,0,"yes",1,12,13,14
"477","MS","R",2,1,"other","home",1,0,"yes",1,10,8,8
"478","MS","U",3,3,"services","course",1,0,"yes",2,12,10,11
"479","MS","R",1,1,"at_home","course",2,3,"yes",1,7,7,8
"480","MS","U",2,2,"other","course",1,0,"no",1,9,9,10
"481","MS","U",2,3,"at_home","course",1,1,"no",1,9,9,10
"482","MS","R",2,1,"at_home","course",1,0,"no",1,9,10,11
"483","MS","R",1,1,"at_home","course",1,0,"no",1,9,10,9
"484","MS","R",2,2,"other","course",2,0,"no",1,9,10,11
"485","MS","U",2,2,"other","home",1,0,"no",1,7,7,8
"486","MS","R",2,2,"at_home","course",2,0,"yes",1,11,10,11
"487","MS","U",2,2,"other","course",1,1,"yes",1,9,10,10
"488","MS","R",3,2,"other","course",3,2,"no",1,7,9,10
"489","MS","U",1,1,"at_home","course",3,1,"no",1,7,9,9
"490","MS","R",1,1,"other","home",1,1,"no",3,8,9,10
"491","MS","R",1,1,"at_home","course",1,1,"no",1,9,11,10
"492","MS","U",1,1,"other","course",2,1,"yes",4,7,8,9
"493","MS","R",2,2,"health","course",2,0,"yes",1,8,10,10
"494","MS","U",0,1,"other","course",1,0,"yes",3,9,9,10
"495","MS","R",1,2,"at_home","course",2,0,"no",1,8,9,9
"496","MS","U",3,3,"other","reputation",1,0,"no",1,14,13,13
"497","MS","R",1,1,"services","home",1,0,"yes",2,14,14,14
"498","MS","U",3,3,"services","course",4,1,"yes",3,10,11,10
"499","MS","U",2,1,"other","course",2,0,"yes",1,14,13,14
"500","MS","U",2,2,"services","course",1,0,"yes",1,17,16,16
"501","MS","U",1,2,"other","course",1,1,"no",5,6,7,7
"502","MS","U",4,3,"other","course",1,0,"yes",1,14,12,13
"503","MS","R",2,2,"services","other",4,1,"yes",3,10,8,9
"504","MS","U",1,1,"other","course",4,0,"yes",1,14,14,14
"505","MS","U",2,2,"other","home",3,0,"yes",1,12,13,13
"506","MS","R",1,1,"at_home","reputation",1,0,"yes",1,11,11,11
"507","MS","U",3,3,"at_home","other",2,1,"yes",2,11,9,10
"508","MS","U",1,1,"other","course",3,0,"yes",1,11,11,10
"509","MS","R",2,2,"other","course",1,1,"yes",1,10,9,9
"510","MS","R",1,1,"at_home","course",2,0,"yes",1,16,17,18
"511","MS","R",2,2,"other","reputation",2,0,"yes",1,15,17,17
"512","MS","U",1,0,"other","other",2,0,"yes",1,11,9,10
"513","MS","R",1,1,"at_home","other",2,1,"yes",1,7,7,7
"514","MS","U",3,1,"other","course",1,0,"yes",1,8,6,8
"515","MS","U",3,2,"services","course",1,0,"yes",1,7,6,7
"516","MS","U",1,1,"other","reputation",2,0,"yes",1,9,8,10
"517","MS","R",4,4,"health","reputation",2,0,"yes",2,14,16,16
"518","MS","R",1,2,"other","reputation",1,0,"yes",1,14,14,15
"519","MS","U",2,4,"other","reputation",2,1,"yes",1,8,5,8
"520","MS","R",2,1,"other","reputation",2,0,"yes",1,8,7,0
"521","MS","U",1,1,"at_home","other",2,0,"yes",1,6,8,8
"522","MS","R",2,3,"at_home","other",2,0,"yes",1,8,10,10
"523","MS","U",4,4,"health","course",2,0,"yes",1,8,8,8
"524","MS","U",4,4,"at_home","home",4,0,"no",5,5,6,6
"525","MS","R",3,4,"at_home","other",2,0,"yes",1,7,9,8
"526","MS","U",4,4,"other","home",3,0,"yes",1,15,14,16
"527","MS","R",4,1,"other","other",1,0,"yes",1,13,14,14
"528","MS","U",2,2,"services","other",3,0,"yes",2,10,9,10
"529","MS","R",2,2,"at_home","other",1,0,"yes",1,9,9,9
"530","MS","U",4,4,"services","other",1,0,"yes",1,11,11,11
"531","MS","U",3,3,"services","home",1,0,"yes",5,7,10,9
"532","MS","U",1,1,"at_home","other",2,0,"yes",3,10,10,10
"533","MS","U",2,1,"health","other",2,0,"yes",1,9,7,8
"534","MS","U",2,1,"other","other",2,0,"yes",1,14,15,16
"535","MS","U",4,4,"teacher","other",1,0,"yes",2,11,12,12
"536","MS","R",1,2,"other","course",2,0,"yes",1,9,11,10
"537","MS","U",2,2,"other","reputation",4,0,"yes",2,13,14,14
"538","MS","U",2,1,"services","course",1,0,"yes",1,12,13,12
"539","MS","R",2,2,"other","course",3,0,"yes",2,11,11,11
"540","MS","U",4,1,"other","home",2,0,"yes",2,9,10,10
"541","MS","U",3,2,"at_home","home",1,0,"yes",2,9,11,11
"542","MS","R",2,2,"other","other",2,0,"yes",1,11,9,11
"543","MS","U",4,4,"teacher","course",3,0,"yes",1,10,11,12
"544","MS","R",4,4,"health","course",1,3,"yes",1,9,9,8
"545","MS","R",1,3,"other","course",1,0,"yes",3,12,11,12
"546","MS","U",3,4,"services","other",2,1,"yes",3,8,9,8
"547","MS","U",4,4,"health","course",2,0,"yes",1,13,15,16
"548","MS","R",4,1,"other","other",1,0,"yes",2,10,11,11
"549","MS","U",1,1,"at_home","other",2,0,"yes",1,11,10,11
"550","MS","R",4,2,"other","course",2,0,"yes",2,17,18,18
"551","MS","U",2,2,"other","course",2,0,"yes",2,12,13,13
"552","MS","U",3,2,"other","other",2,0,"yes",2,13,14,13
"553","MS","U",1,1,"other","other",2,2,"no",3,9,9,10
"554","MS","U",1,0,"other","home",1,0,"yes",1,11,11,12
"555","MS","R",1,1,"at_home","course",1,0,"no",2,10,11,10
"556","MS","R",1,2,"other","home",3,0,"yes",1,13,14,13
"557","MS","R",1,2,"other","course",1,0,"yes",2,9,10,11
"558","MS","R",3,1,"other","course",2,3,"yes",1,7,9,10
"559","MS","R",2,2,"other","course",1,0,"no",3,8,13,10
"560","MS","R",1,0,"at_home","course",1,1,"yes",1,12,12,13
"561","MS","R",1,1,"other","course",1,0,"yes",1,10,9,10
"562","MS","U",1,1,"at_home","course",2,0,"yes",1,10,9,10
"563","MS","R",2,2,"other","course",2,0,"yes",1,11,13,12
"564","MS","U",2,2,"other","course",1,1,"yes",2,7,0,0
"565","MS","R",3,2,"services","course",1,0,"yes",2,11,9,10
"566","MS","R",1,1,"at_home","course",1,0,"yes",2,10,10,9
"567","MS","R",1,1,"services","course",1,1,"no",2,9,7,9
"568","MS","R",3,2,"services","course",1,1,"no",2,4,0,0
"569","MS","U",3,2,"at_home","course",1,3,"yes",1,6,11,9
"570","MS","U",3,3,"at_home","course",2,2,"no",1,4,8,8
"571","MS","R",2,2,"services","course",1,0,"yes",2,7,8,8
"572","MS","U",2,1,"at_home","course",1,3,"no",1,8,9,9
"573","MS","U",3,2,"services","course",2,2,"yes",1,5,5,7
"574","MS","U",1,1,"other","course",1,0,"yes",1,7,9,10
"575","MS","R",1,1,"other","course",1,1,"no",2,8,11,10
"576","MS","R",4,3,"services","course",1,0,"yes",3,10,11,10
"577","MS","R",3,2,"other","course",1,0,"yes",5,9,10,11
"578","MS","R",1,1,"other","home",2,1,"yes",3,10,9,11
"579","MS","U",3,3,"health","course",2,1,"yes",2,8,9,10
"580","MS","U",1,3,"at_home","course",1,0,"no",2,9,10,9
"581","MS","R",1,1,"other","home",1,1,"yes",3,8,9,10
"582","MS","U",1,2,"at_home","course",2,2,"yes",1,6,8,8
"583","MS","U",1,1,"at_home","course",1,0,"no",1,6,8,7
"584","MS","R",2,2,"other","other",1,1,"no",1,8,6,0
"585","MS","R",0,0,"at_home","course",1,0,"yes",1,10,11,11
"586","MS","R",3,1,"other","course",3,0,"no",2,8,7,8
"587","MS","U",4,2,"teacher","home",2,0,"yes",1,8,8,0
"588","MS","R",2,2,"services","course",2,1,"yes",1,7,6,8
"589","MS","U",4,1,"health","course",1,0,"yes",1,8,10,9
"590","MS","U",1,2,"at_home","course",1,0,"yes",1,7,10,10
"591","MS","U",1,1,"other","course",2,2,"yes",2,7,8,7
"592","MS","U",2,2,"services","reputation",2,0,"yes",1,12,13,14
"593","MS","U",3,3,"services","course",1,0,"yes",1,11,12,13
"594","MS","U",1,2,"at_home","reputation",2,0,"yes",1,12,13,14
"595","MS","U",4,4,"teacher","reputation",2,0,"yes",1,18,18,18
"596","MS","U",4,4,"services","reputation",1,0,"yes",1,17,17,17
"597","MS","U",4,2,"other","course",2,0,"yes",1,17,18,18
"598","MS","R",2,2,"at_home","course",2,1,"yes",1,9,0,0
"599","MS","U",1,2,"at_home","home",1,0,"yes",5,10,11,11
"600","MS","R",4,4,"at_home","other",1,0,"yes",1,12,13,14
"601","MS","R",1,1,"other","other",1,0,"no",3,12,13,14
"602","MS","U",2,2,"other","course",2,0,"yes",1,8,8,10
"603","MS","U",2,2,"services","course",3,0,"yes",1,11,12,13
"604","MS","R",4,2,"teacher","reputation",2,0,"yes",1,5,0,0
"605","MS","U",1,1,"at_home","course",2,1,"no",1,9,10,10
"606","MS","U",1,1,"at_home","other",1,1,"no",2,5,0,0
"607","MS","U",4,2,"teacher","course",4,0,"yes",3,18,18,18
"608","MS","R",2,1,"services","reputation",2,0,"yes",1,11,11,12
"609","MS","U",1,1,"at_home","course",2,0,"yes",1,8,10,11
"610","MS","U",1,2,"at_home","course",2,0,"no",1,11,11,12
"611","MS","R",1,1,"at_home","course",2,3,"no",1,8,0,0
"612","MS","R",2,2,"services","home",3,0,"yes",1,14,14,15
"613","MS","R",4,3,"services","home",2,1,"yes",1,10,11,11
"614","MS","U",3,3,"services","course",2,0,"yes",1,10,10,10
"615","MS","R",4,4,"teacher","other",2,0,"yes",1,12,12,12
"616","MS","U",3,2,"services","reputation",2,0,"yes",1,15,14,15
"617","MS","U",1,1,"other","home",1,0,"yes",1,14,13,14
"618","MS","U",1,1,"at_home","course",3,0,"yes",1,19,17,18
"619","MS","R",1,2,"at_home","course",2,0,"yes",1,16,15,15
"620","MS","U",3,3,"services","other",2,0,"yes",1,13,12,13
"621","MS","U",4,4,"at_home","course",2,0,"yes",1,15,14,15
"622","MS","R",1,2,"other","course",2,0,"yes",1,13,13,13
"623","MS","R",1,3,"at_home","course",2,0,"yes",2,8,10,9
"624","MS","U",4,4,"teacher","other",3,0,"yes",2,15,16,16
"625","MS","R",1,1,"other","reputation",1,1,"yes",1,8,8,9
"626","MS","U",2,3,"at_home","course",1,0,"yes",1,10,10,10
"627","MS","R",4,4,"other","other",2,0,"yes",4,7,5,0
"628","MS","R",1,2,"at_home","other",1,0,"no",2,9,10,10
"629","MS","U",2,2,"other","home",3,0,"yes",1,10,11,12
"630","MS","R",1,2,"other","course",1,0,"yes",1,7,8,9
"631","MS","R",4,4,"other","reputation",3,0,"yes",1,15,17,17
"632","MS","R",1,1,"other","home",3,0,"yes",1,10,11,12
"633","MS","R",1,1,"at_home","course",2,1,"yes",1,7,8,9
"634","MS","R",4,4,"teacher","course",2,0,"yes",3,13,14,14
"635","MS","U",3,3,"other","home",2,0,"yes",1,16,16,16
"636","MS","R",3,1,"at_home","reputation",2,0,"yes",2,8,9,9
"637","MS","U",4,4,"teacher","home",2,0,"yes",1,17,18,19
"638","MS","R",2,1,"other","other",1,0,"yes",1,7,7,0
"639","MS","U",2,3,"other","home",2,0,"yes",1,14,15,16
"640","MS","R",1,1,"other","other",1,1,"yes",1,5,8,0
"641","MS","R",4,2,"other","home",1,1,"yes",4,7,7,0
"642","MS","R",2,2,"at_home","other",3,0,"yes",1,14,17,15
"643","MS","U",4,3,"teacher","other",2,0,"yes",1,6,9,11
"644","MS","R",4,4,"teacher","reputation",1,0,"yes",2,7,9,10
"645","MS","R",2,3,"services","course",3,1,"yes",1,10,11,10
"646","MS","U",3,1,"teacher","course",2,0,"yes",1,15,15,16
"647","MS","U",1,1,"other","course",2,0,"yes",1,11,12,9
"648","MS","U",3,1,"services","course",1,0,"yes",3,10,10,10
"649","MS","R",3,2,"services","course",1,0,"yes",3,10,11,11
